model,train,threshold,val_F1,val_P,val_R,val_PR_AUC,val_hard_F1,test_F1,test_P,test_R,test_PR_AUC,test_F1_CI,best_epoch,seed,train_minutes,fields,desc_words,max_len,epochs,lr,bs,warmup,swap_aug,tta,freeze_emb,limit,tag,hf_model,where
multilingual-e5-small | title | len128 lr5e-05 ep5,small,0.5231621265411377,0.8811188811188811,0.8873239436619719,0.875,0.8849504762015928,0.5853658536585366,0.8620689655172413,0.8136094674556213,0.9166666666666666,0.8810559091987008,"[0.834, 0.889]",5,0,3.1,title,40,128,5,5e-05,32.0,0.1,0.5,1.0,1,0,,intfloat/multilingual-e5-small,
multilingual-e5-small | title | len128 lr5e-05 ep10 | ep10,small,0.1216766335070134,0.8821548821548821,0.8562091503267973,0.9097222222222222,0.9280649321390247,0.6818181818181818,0.8454545454545455,0.775,0.93,0.9218503283488794,"[0.817, 0.874]",10,0,6.7,title,40,128,10,5e-05,32.0,0.1,0.5,1.0,1,0,ep10,intfloat/multilingual-e5-small,
multilingual-e5-small | title+desc | len256 lr5e-05 ep5,small,0.7985504579544074,0.8571428571428571,0.8823529411764706,0.8333333333333334,0.8841687084852063,0.55,0.7694610778443114,0.6983695652173914,0.8566666666666667,0.7300872118724658,"[0.734, 0.803]",5,0,13.6,title+desc,40,256,5,5e-05,16.0,0.1,0.5,1.0,1,0,,intfloat/multilingual-e5-small,
multilingual-e5-base | title | len128 lr3e-05 ep5,small,0.5019649267196655,0.8531468531468531,0.8591549295774648,0.8472222222222222,0.9312133920718004,0.6153846153846154,0.8637770897832817,0.8063583815028902,0.93,0.9248526384693544,"[0.836, 0.892]",5,0,10.2,title,40,128,5,3e-05,16.0,0.1,0.5,1.0,1,0,,intfloat/multilingual-e5-base,
multilingual-e5-small | title | len128 lr5e-05 ep5,small,0.4995392709970474,0.8671328671328671,0.8732394366197183,0.8611111111111112,0.8689885429080634,0.5853658536585366,0.8302469135802469,0.7729885057471264,0.8966666666666666,0.8759847073406842,"[0.800, 0.860]",4,1,3.1,intfloat/multilingual-e5-small,title,40,128,5.0,5e-05,32.0,0.1,0.5,1,1,0,,
multilingual-e5-small | title | len128 lr5e-05 ep5,small,0.3301942282915116,0.8619528619528619,0.8366013071895425,0.8888888888888888,0.8875009849040283,0.6511627906976745,0.8265460030165912,0.7548209366391184,0.9133333333333332,0.8384255917243538,"[0.795, 0.857]",3,2,3.7,intfloat/multilingual-e5-small,title,40,128,5.0,5e-05,32.0,0.1,0.5,1,1,0,,
multilingual-e5-small | title | len128 lr5e-05 ep5,medium,0.6323343527317049,0.930635838150289,0.9470588235294116,0.9147727272727272,0.960398808584963,0.8461538461538461,0.9132569558101472,0.8971061093247589,0.93,0.938011083107887,"[0.890, 0.934]",5,0,11.0,intfloat/multilingual-e5-small,title,40,128,5.0,5e-05,32.0,0.1,0.5,1,1,0,,
multilingual-e5-base | title | len128 lr3e-05 ep5,medium,0.51459355711937,0.9219653179190752,0.9382352941176472,0.90625,0.9713904983555572,0.832,0.9117647058823528,0.8942307692307693,0.93,0.972628061904152,"[0.888, 0.935]",4,0,3.5,title,40,128,5,3e-05,32.0,0.1,0.5,1.0,1,0,,intfloat/multilingual-e5-base,kaggle:medium
multilingual-e5-base | title | len128 lr3e-05 ep5,medium,0.8047455132007599,0.9219653179190752,0.9382352941176472,0.90625,0.970963384661579,0.8615384615384616,0.915980230642504,0.9055374592833876,0.9266666666666666,0.9600838183481945,"[0.891, 0.937]",5,1,3.8,title,40,128,5,3e-05,32.0,0.1,0.5,1.0,1,0,,intfloat/multilingual-e5-base,kaggle:medium
multilingual-e5-small | title | len128 lr5e-05 ep5,medium,0.5049141776561739,0.9277456647398844,0.9441176470588236,0.9119318181818182,0.972337331693822,0.8740740740740741,0.9064516129032258,0.878125,0.9366666666666666,0.965098829927455,"[0.882, 0.930]",5,1,1.5,title,40,128,5,5e-05,32.0,0.1,0.5,1.0,1,0,,intfloat/multilingual-e5-small,kaggle:medium
multilingual-e5-base | title | len128 lr3e-05 ep5,medium,0.5612671542167679,0.9269005847953216,0.9548192771084336,0.9005681818181818,0.9730404546023302,0.828125,0.9120521172638436,0.89171974522293,0.9333333333333332,0.9666330077059592,"[0.888, 0.935]",4,2,3.6,title,40,128,5,3e-05,32.0,0.1,0.5,1.0,1,0,,intfloat/multilingual-e5-base,kaggle:medium
multilingual-e5-small | title | len128 lr5e-05 ep5,medium,0.4966718700528146,0.9210526315789472,0.9487951807228916,0.8948863636363636,0.9670025276023112,0.8461538461538461,0.884310618066561,0.8429003021148036,0.93,0.9295124076173163,"[0.858, 0.908]",5,2,1.5,title,40,128,5,5e-05,32.0,0.1,0.5,1.0,1,0,,intfloat/multilingual-e5-small,kaggle:medium
multilingual-e5-base | title | len128 lr3e-05 ep5,large,0.5022188675403598,0.9506172839506172,0.961698584512906,0.9397884458909682,0.983746935754626,0.8897338403041825,0.9475409836065574,0.932258064516129,0.9633333333333334,0.9835029873167632,"[0.929, 0.964]",5,1,13.9,title,40,128,5,3e-05,32.0,0.1,0.5,1.0,1,0,,intfloat/multilingual-e5-base,kaggle:large-xlarge
multilingual-e5-base | title | len128 lr3e-05 ep5,large,0.4926574134826665,0.945679012345679,0.9567027477102414,0.934906427990236,0.9874739628671374,0.8670520231213873,0.9427168576104746,0.9260450160771704,0.96,0.9882478188021095,"[0.923, 0.961]",5,0,14.4,title,40,128,5,3e-05,32.0,0.1,0.5,1.0,1,0,,intfloat/multilingual-e5-base,kaggle:large-xlarge
multilingual-e5-base | title | len128 lr3e-05 ep5,large,0.4975846487283709,0.9489711934156378,0.9600333055786844,0.9381611065907242,0.9859470271167732,0.8842504743833017,0.9471947194719472,0.937908496732026,0.9566666666666668,0.9898583115175116,"[0.929, 0.965]",5,2,14.5,title,40,128,5,3e-05,32.0,0.1,0.5,1.0,1,0,,intfloat/multilingual-e5-base,kaggle:large-xlarge
multilingual-e5-base | title | len128 lr3e-05 ep5,xlarge,0.0695020745694633,0.9602446483180428,0.9486404833836858,0.9721362229102168,0.9881004713786158,0.9544468546637744,0.9519071310116086,0.9471947194719472,0.9566666666666668,0.9899893272052884,"[0.933, 0.969]",5,0,28.7,title,40,128,5,3e-05,32.0,0.1,0.5,1.0,1,0,,intfloat/multilingual-e5-base,kaggle:large-xlarge
multilingual-e5-base | title | len128 lr3e-05 ep5,xlarge,0.4412469923496244,0.964461738002594,0.9697443922796036,0.9592363261093912,0.991345938170485,0.9383259911894272,0.961730449251248,0.9601328903654484,0.9633333333333334,0.9932917503598112,"[0.946, 0.977]",5,1,29.8,title,40,128,5,3e-05,32.0,0.1,0.5,1.0,1,0,,intfloat/multilingual-e5-base,kaggle:large-xlarge
multilingual-e5-base | title | len128 lr3e-05 ep5,small,0.2840221270918842,0.8707482993197279,0.8533333333333334,0.8888888888888888,0.9252795998067532,0.6341463414634146,0.8242245199409158,0.7400530503978779,0.93,0.8908298720917786,"[0.794, 0.853]",5,1,1.4,title,40,128,5,3e-05,32.0,0.1,0.5,1.0,1,0,,intfloat/multilingual-e5-base,kaggle:large-xlarge
multilingual-e5-base | title | len128 lr3e-05 ep5,xlarge,0.4839499664306627,0.962905317769131,0.9681794470526864,0.957688338493292,0.9928176404348034,0.9241071428571428,0.9632107023411371,0.9664429530201344,0.96,0.993442079388341,"[0.947, 0.978]",5,2,28.7,title,40,128,5,3e-05,32.0,0.1,0.5,1.0,1,0,,intfloat/multilingual-e5-base,kaggle:large-xlarge
multilingual-e5-base | title | len128 lr3e-05 ep5,small,0.7330292755365374,0.8581314878892734,0.8551724137931035,0.8611111111111112,0.907582500345778,0.6341463414634146,0.8386123680241327,0.7658402203856749,0.9266666666666666,0.9059215499975362,"[0.810, 0.865]",4,2,1.3,title,40,128,5,3e-05,32.0,0.1,0.5,1.0,1,0,,intfloat/multilingual-e5-base,kaggle:large-xlarge
