model,train,threshold,val_F1,val_P,val_R,val_PR_AUC,val_hard_F1,test_F1,test_P,test_R,test_PR_AUC,test_F1_CI,test_F1_t05,test_F1_oracle,section,dF1,dF1_lo,dF1_hi,mcnemar_p
title cosine (no training),small,0.2169293767354017,0.7395498392282959,0.688622754491018,0.7986111111111112,0.7943040413354515,0.24489795918367346,0.5536105032822757,0.41205211726384366,0.8433333333333334,0.5639270265709202,"[0.513, 0.594]",,0.5629335976214074,0 trivial,-0.18948341936965807,-0.2139086587475498,-0.16033489227494732,3.464102688231924e-53
logreg | all,small,0.3907356911879156,0.8466666666666667,0.8141025641025641,0.8819444444444444,0.897435129340252,0.4583333333333333,0.7430939226519337,0.6344339622641509,0.8966666666666666,0.8574843539807235,"[0.706, 0.777]",0.7543859649122807,0.7808,A features,0.0,0.0,0.0,1.0
logreg | only title_word,small,0.28274479848204,0.7395498392282959,0.688622754491018,0.7986111111111112,0.7943040413354515,0.24489795918367346,0.5536105032822757,0.41205211726384366,0.8433333333333334,0.5639270265709202,"[0.513, 0.594]",0.5306122448979592,0.5629335976214074,A features,-0.18948341936965807,-0.2139086587475498,-0.16033489227494732,3.464102688231924e-53
logreg | only title_char,small,0.3643422191452292,0.7482993197278912,0.7333333333333333,0.7638888888888888,0.7946900516894275,0.08888888888888889,0.5774155995343423,0.44364937388193204,0.8266666666666667,0.5975096208434533,"[0.539, 0.619]",0.5663265306122449,0.5816554809843401,A features,-0.16567832311759145,-0.19242499677552485,-0.13634720926892396,7.587863261388336e-37
logreg | only title_jaccard,small,0.19305748794760855,0.5363408521303258,0.4196078431372549,0.7430555555555556,0.5602796929115547,0.13043478260869565,0.48055832502492524,0.34281650071123754,0.8033333333333333,0.4091308718576458,"[0.441, 0.519]",0.34101382488479265,0.5037174721189591,A features,-0.2625355976270085,-0.29412535115817307,-0.22922995601081592,3.4323631410302005e-77
logreg | only description,small,0.13726027904346283,0.46616541353383456,0.31958762886597936,0.8611111111111112,0.4679484408591132,0.5263157894736842,0.5,0.36363636363636365,0.8,0.420159126034111,"[0.463, 0.538]",0.2774327122153209,0.5063045586808923,A features,-0.24309392265193375,-0.275135320807061,-0.2080939640036872,2.162049238350877e-54
logreg | only codes,small,0.5583624398740334,0.6745098039215687,0.7747747747747747,0.5972222222222222,0.7135586134907413,0.12121212121212122,0.6545454545454545,0.6491803278688525,0.66,0.691294303552276,"[0.609, 0.698]",0.6535947712418301,0.6676829268292683,A features,-0.0885484681064792,-0.1312569510044233,-0.04735501240415195,0.13693395004631242
logreg | only numbers,small,0.3985055848162804,0.7402135231316725,0.7591240875912408,0.7222222222222222,0.789610326048716,0.42105263157894735,0.718475073313783,0.6413612565445026,0.8166666666666667,0.7660885302094285,"[0.681, 0.754]",0.711755233494364,0.718475073313783,A features,-0.024618849338150728,-0.055515989331818484,0.009153783302784954,0.687149218768653
logreg | only brand,small,0.237781590560726,0.4050632911392405,0.25396825396825395,1.0,0.2566192680776014,0.676923076923077,0.42857142857142855,0.2727272727272727,1.0,0.26313920454545453,"[0.397, 0.458]",0.0,0.42857142857142855,A features,-0.3145224940805052,-0.3425518379160295,-0.28398292595511926,2.1680233187586115e-150
logreg | all − title_word,small,0.38531469979584143,0.8166089965397924,0.8137931034482758,0.8194444444444444,0.8612799565387999,0.38095238095238093,0.7437325905292479,0.638755980861244,0.89,0.8578132300290358,"[0.708, 0.778]",0.7659574468085106,0.7805695142378559,A features,0.0006386678773141474,-0.016307643380843877,0.019140731904274635,0.8990763136528589
logreg | all − title_char,small,0.3720533223404774,0.8316831683168316,0.7924528301886793,0.875,0.8916670263958111,0.4583333333333333,0.7193460490463215,0.6082949308755761,0.88,0.8335726054216588,"[0.680, 0.756]",0.7474452554744525,0.7675507020280812,A features,-0.023747873605612257,-0.038788080042092575,-0.009450160590622805,0.002887247974285856
logreg | all − title_jaccard,small,0.27874132804188906,0.8167202572347267,0.7604790419161677,0.8819444444444444,0.8575610194982664,0.40816326530612246,0.6782178217821783,0.5393700787401575,0.9133333333333333,0.7763491207228671,"[0.642, 0.717]",0.7077363896848138,0.7327044025157232,A features,-0.06487610086975548,-0.08370708771565191,-0.04536900503173565,2.547339085237751e-15
logreg | all − description,small,0.2740685770124729,0.8471337579617835,0.7823529411764706,0.9236111111111112,0.9035424263583456,0.52,0.6982543640897756,0.5577689243027888,0.9333333333333333,0.8546732049451409,"[0.663, 0.736]",0.7468175388967468,0.7695035460992907,A features,-0.044839558562158155,-0.06336608806407323,-0.026645130380472733,6.11831045524052e-11
logreg | all − codes,small,0.5774737380644119,0.8363636363636363,0.8778625954198473,0.7986111111111112,0.8916228263074882,0.3157894736842105,0.7481371087928465,0.6765498652291105,0.8366666666666667,0.8353398724043123,"[0.709, 0.784]",0.7385057471264368,0.7515723270440252,A features,0.005043186140912703,-0.01425235779009367,0.025267737146412925,0.03961701489849968
logreg | all − numbers,small,0.45019148163716005,0.8391608391608392,0.8450704225352113,0.8333333333333334,0.8832354133290374,0.2857142857142857,0.7158774373259053,0.6148325358851675,0.8566666666666667,0.8058927084147697,"[0.678, 0.753]",0.7159090909090909,0.743421052631579,A features,-0.027216485326028494,-0.04790527968987756,-0.007990954456291095,0.059808338334316175
logreg | all − brand,small,0.3882511689156857,0.8533333333333334,0.8205128205128205,0.8888888888888888,0.9003722478072342,0.46808510638297873,0.728021978021978,0.6191588785046729,0.8833333333333333,0.8620667868342689,"[0.689, 0.764]",0.7441860465116279,0.7794361525704809,A features,-0.015071944629955758,-0.030112201599493942,3.2034250266625717e-06,0.09614175442061423
random_forest | all,small,0.3725797281011071,0.8466666666666667,0.8141025641025641,0.8819444444444444,0.9031926882807558,0.34146341463414637,0.7462277091906722,0.634032634032634,0.9066666666666666,0.8531216370614725,"[0.709, 0.781]",0.7993920972644377,0.8081761006289309,B classifier,0.0031337865387384145,-0.01684020930460238,0.022915047336587335,1.0
grad_boosting | all,small,0.42347568655430445,0.8373702422145328,0.8344827586206897,0.8402777777777778,0.8970161969677224,0.4864864864864865,0.7879699248120301,0.7178082191780822,0.8733333333333333,0.849466375144242,"[0.751, 0.821]",0.7884322678843226,0.7987421383647799,B classifier,0.04487600216009635,0.01963083554547074,0.07167750444273933,2.32626705010725e-05
logreg | tfidf pair vectors,small,0.22463014726467456,0.5766233766233766,0.4605809128630705,0.7708333333333334,0.6048657344561463,0.40816326530612246,0.5667396061269147,0.4218241042345277,0.8633333333333333,0.6244400582863063,"[0.528, 0.605]",0.5447897623400365,0.5777233782129743,D pair vectors,-0.1763543165250191,-0.20560228972120617,-0.14423090635813002,1.2987428751724664e-38
logreg | all | clean=none,small,0.4608196094898671,0.8561643835616438,0.8445945945945946,0.8680555555555556,0.9001891392607082,0.4,0.7596017069701281,0.6625310173697271,0.89,0.8683354977528975,"[0.722, 0.797]",0.759825327510917,0.7960199004975125,C cleaning,0.01650778431819433,-0.0004104546271462728,0.03384148967246543,0.03961701489849968
grad_boosting | all | clean=none,small,0.3308221218725838,0.8493150684931506,0.8378378378378378,0.8611111111111112,0.8897661841240595,0.5454545454545454,0.7650429799426934,0.6708542713567839,0.89,0.8604761515008296,"[0.728, 0.800]",0.7828746177370031,0.7872696817420436,C cleaning,0.021949057290759688,-0.002676626349899419,0.04724202069960435,0.05072955668288316
logreg | all | clean=full,small,0.3311366181834627,0.8382838283828383,0.7987421383647799,0.8819444444444444,0.88092397133828,0.46153846153846156,0.7091633466135459,0.5894039735099338,0.89,0.8126548808455023,"[0.670, 0.748]",0.7296511627906976,0.7429519071310116,C cleaning,-0.033930576038387894,-0.050139566451430126,-0.016381266059757815,3.3888279489246997e-06
grad_boosting | all | clean=full,small,0.29742113542080617,0.8435374149659864,0.8266666666666667,0.8611111111111112,0.9008036686934393,0.47619047619047616,0.744927536231884,0.658974358974359,0.8566666666666667,0.8125761019507984,"[0.705, 0.779]",0.7503782148260212,0.7694859038142621,C cleaning,0.0018336135799502662,-0.026856291527859868,0.031112440367065255,0.41528518131253184
title cosine (no training),medium,0.2108537693502231,0.6895640686922061,0.6444444444444445,0.7414772727272727,0.7380166010424006,0.11764705882352941,0.5591647331786543,0.4288256227758007,0.8033333333333333,0.5672624023159188,"[0.519, 0.599]",,0.5708333333333333,0 trivial,-0.18808801407409292,-0.214714891871971,-0.15771413189704864,2.722765974452755e-44
logreg | all,medium,0.29412197214575186,0.8082758620689655,0.7855227882037533,0.8323863636363636,0.8876028066200893,0.5625,0.7472527472527473,0.6355140186915887,0.9066666666666666,0.855336301771013,"[0.712, 0.783]",0.7869362363919129,0.7893915756630265,A features,0.0,0.0,0.0,1.0
logreg | only title_word,medium,0.2513790909914724,0.6895640686922061,0.6444444444444445,0.7414772727272727,0.7380166010424006,0.11764705882352941,0.5591647331786543,0.4288256227758007,0.8033333333333333,0.5672624023159188,"[0.519, 0.599]",0.5111731843575419,0.5708333333333333,A features,-0.18808801407409292,-0.214714891871971,-0.15771413189704864,2.722765974452755e-44
logreg | only title_char,medium,0.4319223057048929,0.6886792452830188,0.7711267605633803,0.6221590909090909,0.7644355260671815,0.12389380530973451,0.5627376425855514,0.4539877300613497,0.74,0.5960108685241805,"[0.524, 0.604]",0.5605263157894737,0.5864123957091776,A features,-0.1845151046671959,-0.21583939275314853,-0.15174852795366717,5.139502333928866e-35
logreg | only title_jaccard,medium,0.15440234086802213,0.5173674588665448,0.38140161725067384,0.8039772727272727,0.5201594622734313,0.391304347826087,0.49236641221374045,0.3449197860962567,0.86,0.4091308718576458,"[0.455, 0.528]",0.32362459546925565,0.5037174721189591,A features,-0.2548863350390068,-0.28607573106877426,-0.2235725330269531,5.00844641476065e-84
logreg | only description,medium,0.12166720546422835,0.40357598978288634,0.2602965403624382,0.8977272727272727,0.36954831442949276,0.7073170731707317,0.5024437927663734,0.355463347164592,0.8566666666666667,0.43276409785799475,"[0.468, 0.540]",0.27645788336933047,0.5040983606557377,A features,-0.24480895448637385,-0.27526419271332453,-0.2092219779689718,2.4915944161175185e-66
logreg | only codes,medium,0.36949792929006164,0.6573033707865169,0.65,0.6647727272727273,0.6797066432442416,0.5042016806722689,0.6507713884992987,0.5617433414043583,0.7733333333333333,0.6917689191108467,"[0.609, 0.690]",0.6545454545454545,0.6676829268292683,A features,-0.09648135875344854,-0.1286339096494926,-0.06294398144121463,4.7505563528499145e-06
logreg | only numbers,medium,0.3527483039155834,0.7338129496402878,0.7434402332361516,0.7244318181818182,0.7770128651023607,0.5737704918032787,0.718475073313783,0.6413612565445026,0.8166666666666667,0.7660885302094285,"[0.681, 0.754]",0.7129032258064516,0.718475073313783,A features,-0.028777673938964243,-0.06068223257522853,0.004510980030448343,0.5801292063047087
logreg | only brand,medium,0.20967018733458795,0.3571790969051243,0.21741815935762818,1.0,0.2189312683046124,0.7759562841530054,0.42857142857142855,0.2727272727272727,1.0,0.26313920454545453,"[0.397, 0.458]",0.0,0.42857142857142855,A features,-0.3186813186813187,-0.3466493853382662,-0.2883674437204429,2.9014845539701957e-153
logreg | all − title_word,medium,0.3143085034931749,0.7754532775453278,0.7616438356164383,0.7897727272727273,0.8725964637261602,0.512,0.7299864314789688,0.6155606407322655,0.8966666666666666,0.8542832075592179,"[0.694, 0.765]",0.7480916030534351,0.7679180887372014,A features,-0.017266315773778462,-0.032372499666892,-0.0008107796904152443,0.04887389231827033
logreg | all − title_char,medium,0.2495512746072307,0.797886393659181,0.745679012345679,0.8579545454545454,0.8735453654684202,0.5735294117647058,0.7328859060402685,0.6134831460674157,0.91,0.8294771753399472,"[0.696, 0.769]",0.7702060221870047,0.7744,A features,-0.014366841212478776,-0.030688244059058418,0.001381104703009736,0.05806414679240905
logreg | all − title_jaccard,medium,0.3482439470186437,0.7857142857142857,0.7902298850574713,0.78125,0.8516607088005018,0.4444444444444444,0.693717277486911,0.5711206896551724,0.8833333333333333,0.774483371542397,"[0.657, 0.731]",0.7174231332357247,0.7269890795631825,A features,-0.05353546976583623,-0.07305261047457286,-0.034029639922923204,8.582179419760152e-09
logreg | all − description,medium,0.3129288718530437,0.800557880055788,0.7863013698630137,0.8153409090909091,0.8834008480417052,0.515625,0.7418478260869565,0.6261467889908257,0.91,0.8513135962065755,"[0.706, 0.778]",0.7678300455235205,0.7777777777777778,A features,-0.0054049211657907215,-0.015492400137622972,0.004990793277382277,0.26317596435546875
logreg | all − codes,medium,0.22407264490294518,0.7947712418300653,0.7360774818401937,0.8636363636363636,0.8805133242845663,0.6099290780141844,0.7166882276843467,0.5856236786469344,0.9233333333333333,0.8327961164825214,"[0.681, 0.754]",0.7630769230769231,0.7638036809815951,A features,-0.03056451956840056,-0.04491024693704678,-0.015903234790540614,1.7716986633331544e-07
logreg | all − numbers,medium,0.3265721832073433,0.7807017543859649,0.8042168674698795,0.7585227272727273,0.8605620702537032,0.358974358974359,0.7218453188602443,0.6086956521739131,0.8866666666666667,0.8159101424395531,"[0.685, 0.757]",0.7443267776096822,0.745398773006135,A features,-0.025407428392502984,-0.04139493914025933,-0.009213790014313997,0.008641499683281734
logreg | all − brand,medium,0.32694989798180474,0.8028571428571428,0.8074712643678161,0.7982954545454546,0.8887177100257547,0.45528455284552843,0.7362637362637363,0.6261682242990654,0.8933333333333333,0.8599542363516174,"[0.700, 0.770]",0.7556904400606981,0.7839195979899497,A features,-0.01098901098901095,-0.02595553454068552,0.004203363462639381,0.31232680747326935
random_forest | all,medium,0.38469569836103107,0.8228571428571428,0.8275862068965517,0.8181818181818182,0.9049281060739778,0.48739495798319327,0.7729885057471264,0.6792929292929293,0.8966666666666666,0.8877039471909351,"[0.736, 0.806]",0.8037383177570093,0.8096,B classifier,0.025735758494379146,0.003356750397764888,0.04761803047751772,0.005435924877566281
grad_boosting | all,medium,0.42330782582019344,0.8216374269005848,0.8463855421686747,0.7982954545454546,0.897219008817237,0.49557522123893805,0.8231611893583725,0.775811209439528,0.8766666666666667,0.8776459782046079,"[0.789, 0.855]",0.8349514563106796,0.8442211055276382,B classifier,0.0759084421056252,0.046778878989741056,0.10459593039105851,3.5019249165122216e-10
logreg | tfidf pair vectors,medium,0.2834436816252504,0.6942590120160214,0.654911838790932,0.7386363636363636,0.7508724387483379,0.4838709677419355,0.6507537688442211,0.5221774193548387,0.8633333333333333,0.7085218560987363,"[0.611, 0.689]",0.6305084745762712,0.6636771300448431,D pair vectors,-0.09649897840852617,-0.12659779024404028,-0.06591813612110452,2.0554776988442582e-11
logreg | all | clean=none,medium,0.28292924081968807,0.8070175438596491,0.7686375321336761,0.8494318181818182,0.8965316592667067,0.556390977443609,0.747612551159618,0.6327944572748267,0.9133333333333333,0.8657695645611807,"[0.713, 0.783]",0.7827426810477658,0.7968253968253968,C cleaning,0.00035980390687073704,-0.01414079598839027,0.016463565602359335,1.0
grad_boosting | all | clean=none,medium,0.3979650536132148,0.8265895953757225,0.8411764705882353,0.8125,0.9028286273842727,0.5517241379310345,0.8150375939849624,0.7424657534246575,0.9033333333333333,0.8926900682134409,"[0.782, 0.847]",0.8375796178343949,0.840064620355412,C cleaning,0.06778484673221519,0.040988462077307955,0.0963847090410053,5.686281754638146e-08
logreg | all | clean=full,medium,0.322348315785857,0.800557880055788,0.7863013698630137,0.8153409090909091,0.8786783416737023,0.47540983606557374,0.7135135135135136,0.6,0.88,0.8097741998963135,"[0.676, 0.751]",0.7408536585365854,0.7492063492063492,C cleaning,-0.03373923373923371,-0.04962657938798781,-0.016946168286003326,2.5448598648836196e-05
grad_boosting | all | clean=full,medium,0.4083631168152613,0.815028901734104,0.8294117647058824,0.8011363636363636,0.8870960459273979,0.45217391304347826,0.7891566265060241,0.7197802197802198,0.8733333333333333,0.8596617871695276,"[0.756, 0.824]",0.7918622848200313,0.7936507936507936,C cleaning,0.04190387925327688,0.014276398259552568,0.06897757676961369,8.407391840775633e-05
title cosine (no training),large,0.20151933000153635,0.6285714285714286,0.5716189207195204,0.6981285598047193,0.6609565914271202,0.09583333333333334,0.5555555555555556,0.425531914893617,0.8,0.5666947715463463,"[0.517, 0.596]",,0.5717367853290184,0 trivial,-0.21021021021021014,-0.24044871604758827,-0.17931485137293623,2.4372386282112546e-52
logreg | all,large,0.39981937574947185,0.751269035532995,0.7823788546255507,0.7225386493083807,0.8243626015674863,0.3333333333333333,0.7657657657657657,0.6967213114754098,0.85,0.8540435732666176,"[0.731, 0.800]",0.7712,0.7767295597484277,A features,0.0,0.0,0.0,1.0
logreg | only title_word,large,0.21031155390584516,0.6285714285714286,0.5716189207195204,0.6981285598047193,0.6609565914271202,0.09583333333333334,0.5555555555555556,0.425531914893617,0.8,0.5666947715463463,"[0.517, 0.596]",0.49404761904761907,0.5717367853290184,A features,-0.21021021021021014,-0.24044871604758827,-0.17931485137293623,2.4372386282112546e-52
logreg | only title_char,large,0.32544334775320855,0.6567901234567901,0.6644462947543713,0.6493083807973963,0.6929028123764241,0.1228813559322034,0.5749086479902558,0.45297504798464494,0.7866666666666666,0.5978223801527782,"[0.536, 0.614]",0.5512465373961218,0.5858798735511064,A features,-0.19085711777550995,-0.22308212470011338,-0.15863297655337352,5.974787526857116e-43
logreg | only title_jaccard,large,0.1931107522850932,0.4900489396411093,0.409041394335512,0.6110659072416599,0.4704756520489613,0.10482180293501048,0.44640883977900553,0.3338842975206612,0.6733333333333333,0.4091308718576458,"[0.406, 0.488]",0.32460732984293195,0.5037174721189591,A features,-0.3193569259867602,-0.35558651763729143,-0.282086703491686,1.5371723238434318e-80
logreg | only description,large,0.12754087936422762,0.35206382240721473,0.22371611196826097,0.8258746948738812,0.3653998309716434,0.6540284360189573,0.4930032292787944,0.3640699523052464,0.7633333333333333,0.41996503719360867,"[0.457, 0.534]",0.2916666666666667,0.5041666666666667,A features,-0.2727625364869713,-0.307495666566296,-0.23620373451790908,3.947935163175329e-62
logreg | only codes,large,0.3727732274659654,0.6180008295313149,0.6302876480541455,0.6061838893409276,0.6171176610732744,0.37327188940092165,0.6676829268292683,0.6151685393258427,0.73,0.691294303552276,"[0.627, 0.708]",0.6460348162475822,0.6676829268292683,A features,-0.09808283893649739,-0.13782528042916414,-0.05927065991657201,2.0521620753155484e-05
logreg | only numbers,large,0.31052407386941644,0.6634882796980532,0.6482919254658385,0.6794141578519122,0.6930591128590908,0.4765957446808511,0.718475073313783,0.6413612565445026,0.8166666666666667,0.7660885302094285,"[0.681, 0.754]",0.6629422718808193,0.718475073313783,A features,-0.0472906924519827,-0.08121152448941046,-0.013456675126818694,0.0038645812171462113
logreg | only brand,large,0.17758769531136936,0.3110998607771168,0.18420263788968824,1.0,0.19169972977472266,0.7681940700808625,0.42857142857142855,0.2727272727272727,1.0,0.26313920454545453,"[0.397, 0.458]",0.0,0.42857142857142855,A features,-0.33719433719433717,-0.36897314575047474,-0.3036887668143166,4.516359568433271e-149
logreg | all − title_word,large,0.3486558623672731,0.739448051948052,0.7376518218623481,0.741253051261188,0.811442234937394,0.4,0.7453769559032717,0.6501240694789082,0.8733333333333333,0.8519502293510546,"[0.710, 0.780]",0.759493670886076,0.7625201938610663,A features,-0.02038880986249403,-0.038672280940662794,-0.0014175491316706906,0.0037937056353716074
logreg | all − title_char,large,0.28996244369097873,0.7359683794466403,0.7156033820138356,0.7575264442636289,0.8045674214301427,0.4212678936605317,0.7365439093484419,0.6403940886699507,0.8666666666666667,0.8272363294477633,"[0.698, 0.772]",0.7669902912621359,0.7697368421052632,A features,-0.029221856417323777,-0.04894621998884387,-0.009065567881710054,0.00017632711255144299
logreg | all − title_jaccard,large,0.2917502073307692,0.7301092043681747,0.701123595505618,0.7615947925142392,0.789128701240864,0.388,0.6919060052219321,0.5686695278969958,0.8833333333333333,0.7726527629827802,"[0.655, 0.730]",0.7145038167938931,0.7181008902077152,A features,-0.07385976054383359,-0.09761293882844917,-0.05122650825408136,8.636237830169486e-15
logreg | all − description,large,0.33567461259810666,0.7491883116883117,0.7473684210526316,0.7510170870626526,0.8252042472554852,0.37446808510638296,0.7567567567567568,0.6600496277915633,0.8866666666666667,0.8511969664343805,"[0.720, 0.792]",0.7694704049844237,0.7735849056603774,A features,-0.009009009009008917,-0.02469385045375079,0.006786191769203819,0.023702702470473014
logreg | all − codes,large,0.3194418479061718,0.7483766233766234,0.7465587044534413,0.7502034174125305,0.8113790377366513,0.3807531380753138,0.7422096317280453,0.645320197044335,0.8733333333333333,0.8343111488587704,"[0.703, 0.779]",0.7599364069952306,0.7610062893081762,A features,-0.02355613403772039,-0.03936203952767756,-0.007353527451586345,4.2277022657799534e-05
logreg | all − numbers,large,0.3917108087619811,0.7347639484978541,0.7774750227066304,0.6965012205044752,0.7991973689856189,0.25,0.7178002894356006,0.6342710997442456,0.8266666666666667,0.8151499061851775,"[0.679, 0.754]",0.7301092043681747,0.7429519071310116,A features,-0.047965476330165124,-0.07046308529064121,-0.0265723452426106,1.2967077325175125e-05
logreg | all − brand,large,0.3768121255745726,0.7476011681268252,0.7671232876712328,0.7290480065093572,0.8227431609754019,0.3333333333333333,0.747093023255814,0.6623711340206185,0.8566666666666667,0.8565142807937511,"[0.709, 0.782]",0.7629513343799058,0.7679180887372014,A features,-0.018672742509951767,-0.03148150087057303,-0.005843432114537802,0.0014309063553810122
random_forest | all,large,0.3974569873795062,0.8008230452674897,0.8101582014987511,0.7917005695687551,0.880005109209177,0.4365256124721604,0.8251533742331288,0.7642045454545454,0.8966666666666666,0.9188595772867018,"[0.790, 0.857]",0.8344155844155844,0.8361774744027304,B classifier,0.05938760846736313,0.03577073185251118,0.08400320471486654,4.968015141912969e-06
grad_boosting | all,large,0.3795670921101277,0.7917695473251029,0.8009991673605329,0.7827502034174125,0.8713583135061672,0.45045045045045046,0.8301886792452831,0.7857142857142857,0.88,0.9150716271001471,"[0.795, 0.860]",0.8330578512396695,0.8378378378378378,B classifier,0.06442291347951734,0.04026685925625936,0.08886101836622633,9.69923242552742e-07
logreg | tfidf pair vectors,large,0.3321963496714061,0.8417207792207793,0.8396761133603239,0.8437754271765663,0.9047384434844291,0.6998011928429424,0.7264957264957265,0.6343283582089553,0.85,0.8099522577066989,"[0.689, 0.761]",0.7418300653594772,0.7508771929824561,D pair vectors,-0.03927003927003925,-0.0751614115398028,-0.001740822287887366,0.01178042557876383
logreg | all | clean=none,large,0.3973585526263626,0.7614213197969543,0.7929515418502202,0.7323026851098454,0.8357575585222038,0.3805309734513274,0.7830045523520486,0.7186629526462396,0.86,0.8660796564190337,"[0.750, 0.818]",0.7948717948717948,0.7980613893376414,C cleaning,0.01723878658628286,-0.0007324429638032726,0.036472904005923026,0.09837064844049181
grad_boosting | all | clean=none,large,0.4210175757761469,0.7918231122236129,0.8125,0.7721724979658259,0.872316145260128,0.44,0.8439490445859873,0.8079268292682927,0.8833333333333333,0.9167793461447561,"[0.812, 0.874]",0.8308702791461412,0.8444444444444444,C cleaning,0.07818327882022158,0.05218971132010602,0.10445240781280005,2.8720914669754686e-09
logreg | all | clean=full,large,0.28380801662724126,0.734009360374415,0.7048689138576779,0.7656631407648494,0.8052042735443501,0.40384615384615385,0.7197802197802198,0.6121495327102804,0.8733333333333333,0.8045442325939861,"[0.682, 0.756]",0.7230046948356808,0.7329376854599406,C cleaning,-0.04598554598554594,-0.0673662750525695,-0.02335708147406404,8.953883178712315e-08
grad_boosting | all | clean=full,large,0.3248180369952989,0.7929515418502202,0.7807570977917981,0.80553295362083,0.8639933696973029,0.49079754601226994,0.8024132730015083,0.7327823691460055,0.8866666666666667,0.8852361675674408,"[0.767, 0.833]",0.8079470198675497,0.8205928237129485,C cleaning,0.036647507235742616,0.008989441511783693,0.06460966596656231,0.024793536339643648
title cosine (no training),xlarge,0.20151462648839624,0.5773703041144902,0.5094711917916338,0.6661506707946336,0.6242633134301738,0.07061790668348046,0.5574912891986062,0.42780748663101603,0.8,0.5671296014283919,"[0.517, 0.597]",,0.5701657458563536,0 trivial,-0.1936004138581623,-0.22093482000365391,-0.16186904066776991,1.212475299235578e-48
logreg | all,xlarge,0.3100590358874872,0.7294422827496757,0.7334376630151278,0.7254901960784313,0.7998194391076859,0.2934051144010767,0.7510917030567685,0.6666666666666666,0.86,0.8484178241689256,"[0.712, 0.786]",0.7659574468085106,0.7666151468315301,A features,0.0,0.0,0.0,1.0
logreg | only title_word,xlarge,0.1658631658581596,0.5773703041144902,0.5094711917916338,0.6661506707946336,0.6242633134301738,0.07061790668348046,0.5574912891986062,0.42780748663101603,0.8,0.5671296014283919,"[0.517, 0.597]",0.4682926829268293,0.5701657458563536,A features,-0.1936004138581623,-0.22093482000365391,-0.16186904066776991,1.212475299235578e-48
logreg | only title_char,xlarge,0.31357628327543363,0.6191780821917808,0.6600467289719626,0.5830753353973168,0.6524556927559403,0.05858854860186418,0.5590851334180432,0.4517453798767967,0.7333333333333333,0.5981541116127582,"[0.519, 0.602]",0.5393939393939394,0.58377239199157,A features,-0.1920065696387253,-0.22471268787278348,-0.15820301459265196,5.7814979209744156e-39
logreg | only title_jaccard,xlarge,0.15920295900295753,0.4468999386126458,0.37029501525940994,0.5634674922600619,0.43175672637806817,0.06658130601792574,0.43714609286523215,0.33104631217838765,0.6433333333333333,0.4091308718576458,"[0.395, 0.479]",0.32245681381957775,0.5037174721189591,A features,-0.3139456101915364,-0.3506188703778732,-0.27430849361728876,6.36323335394093e-78
logreg | only description,xlarge,0.4334141043189345,0.3083918974782968,0.7754677754677755,0.19246646026831785,0.324692144530827,0.0,0.29439252336448596,0.4921875,0.21,0.42445191083550715,"[0.240, 0.347]",0.291358024691358,0.5052410901467506,A features,-0.4566991796922826,-0.5187048111124534,-0.3955423415718392,7.193818045116624e-14
logreg | only codes,xlarge,0.3001867331330624,0.5905940594059406,0.5675547098001903,0.6155830753353974,0.5629135058287769,0.3382949932341001,0.6676829268292683,0.6151685393258427,0.73,0.691294303552276,"[0.627, 0.708]",0.6234817813765182,0.6676829268292683,A features,-0.0834087762275002,-0.11908033960054915,-0.045922001317815854,0.0010593688888219177
logreg | only numbers,xlarge,0.39311532256715503,0.6342919153553989,0.6687643020594966,0.6031991744066048,0.6481613843889829,0.36415362731152207,0.7129032258064516,0.690625,0.7366666666666667,0.7660885302094285,"[0.673, 0.752]",0.6654135338345865,0.718475073313783,A features,-0.03818847725031693,-0.07343484901019677,-0.0007876979111410198,0.6299975938841786
logreg | only brand,xlarge,0.13117181301471673,0.24796877998848443,0.14153216972175564,1.0,0.15300017715528544,0.7671232876712328,0.42857142857142855,0.2727272727272727,1.0,0.26313920454545453,"[0.397, 0.458]",0.0,0.42857142857142855,A features,-0.32252027448534,-0.35365281975424895,-0.28953664048479905,6.946737105292402e-147
logreg | all − title_word,xlarge,0.3245527419524437,0.7092088197146563,0.7130933750652061,0.7053663570691434,0.7801301078888998,0.2896551724137931,0.7363896848137536,0.6457286432160804,0.8566666666666667,0.8452365673418237,"[0.700, 0.772]",0.7470686767169179,0.7547826086956522,A features,-0.01470201824301498,-0.03286416701156302,0.004146750668880303,0.09191454981585423
logreg | all − title_char,xlarge,0.29627471053171184,0.7216601815823606,0.7256129368805425,0.717750257997936,0.7827197563273571,0.33025099075297226,0.7470238095238095,0.6747311827956989,0.8366666666666667,0.8247773582017058,"[0.709, 0.784]",0.7663865546218488,0.7671691792294807,A features,-0.004067893532958999,-0.022331992285025644,0.014520334970793714,1.0
logreg | all − title_jaccard,xlarge,0.3000802896342378,0.7023445463812437,0.6938569989929506,0.7110423116615067,0.7634748322962738,0.266839378238342,0.691358024691358,0.5874125874125874,0.84,0.7723058788966572,"[0.651, 0.730]",0.7088607594936709,0.7181008902077152,A features,-0.05973367836541055,-0.0830750005006903,-0.03693375568728192,8.07074444411569e-09
logreg | all − description,xlarge,0.30563156787252516,0.727367055771725,0.7313510693792384,0.7234262125902993,0.7992000129364,0.288021534320323,0.75,0.6590909090909091,0.87,0.844891542249782,"[0.713, 0.784]",0.7585089141004863,0.7610921501706485,A features,-0.0010917030567685337,-0.009088083552896569,0.008409085948277061,0.548828125
logreg | all − codes,xlarge,0.29280291020115706,0.7185473411154345,0.7224830464267084,0.7146542827657378,0.7856803553984152,0.29023746701846964,0.7431059506531205,0.6580976863753213,0.8533333333333334,0.8289463800707825,"[0.704, 0.778]",0.7430441898527005,0.7555555555555555,A features,-0.007985752403648072,-0.02365980165054665,0.00898514669178834,0.4050322461407632
logreg | all − numbers,xlarge,0.36741458501190677,0.7107761027359017,0.774330900243309,0.6568627450980392,0.770251844480946,0.17110799438990182,0.7126099706744868,0.6361256544502618,0.81,0.8079466332478527,"[0.673, 0.750]",0.7281553398058253,0.7372013651877133,A features,-0.0384817323822817,-0.060498391909384185,-0.01621200454175963,0.004626293921895512
logreg | all − brand,xlarge,0.30656855038214675,0.725810635538262,0.7297861241523214,0.7218782249742002,0.796045950205555,0.2953020134228188,0.738944365192582,0.6458852867830424,0.8633333333333333,0.8517349374437636,"[0.701, 0.774]",0.7544715447154472,0.7625418060200669,A features,-0.012147337864186536,-0.024649068173982783,0.0017206533468162631,0.042773945257067694
random_forest | all,xlarge,0.38599725374494287,0.7900712965407974,0.8090859924283397,0.7719298245614035,0.8734173309049633,0.4178272980501393,0.8544303797468354,0.8132530120481928,0.9,0.9229933617415123,"[0.824, 0.884]",0.8465430016863407,0.8549141965678627,B classifier,0.10333867669006691,0.07761555971445608,0.13096806191458138,1.7572571105612e-15
grad_boosting | all,xlarge,0.3471006924015259,0.7752838658568788,0.7939426717144402,0.7574819401444789,0.8614188904203492,0.3815028901734104,0.8512658227848101,0.8102409638554217,0.8966666666666666,0.9147689230157532,"[0.822, 0.880]",0.8375209380234506,0.8539682539682539,B classifier,0.10017411972804158,0.07418009715888324,0.1279148721373436,4.263496347096334e-14
logreg | tfidf pair vectors,xlarge,0.3557152420480713,0.8534459994718775,0.8739859383450513,0.8338493292053664,0.9205979059295467,0.7169811320754716,0.7774294670846394,0.7337278106508875,0.8266666666666667,0.8630751118321109,"[0.739, 0.811]",0.7864768683274022,0.7929824561403509,D pair vectors,0.026337764027870914,-0.010769908900113628,0.06451659989461798,0.032969756410882727
logreg | all | clean=none,xlarge,0.3746489949379682,0.743013698630137,0.7920560747663551,0.6996904024767802,0.8078802136580113,0.32065217391304346,0.7894736842105263,0.7369942196531792,0.85,0.8608868929283867,"[0.752, 0.824]",0.7861842105263158,0.7948303715670436,C cleaning,0.038381981153757794,0.021484718809304408,0.0579777310268267,1.220851017613711e-06
grad_boosting | all | clean=none,xlarge,0.35714593958898216,0.7805650911011355,0.7993510005408329,0.762641898864809,0.8606773691220164,0.432,0.8401253918495298,0.7928994082840237,0.8933333333333333,0.9179612348273202,"[0.808, 0.870]",0.8330578512396695,0.8438948995363215,C cleaning,0.0890336887927613,0.06426127555975046,0.11593313624501557,1.4176630345560641e-11
logreg | all | clean=full,xlarge,0.3278469326828894,0.7208872458410351,0.738236884802596,0.7043343653250774,0.787332409986936,0.25655172413793104,0.7270029673590505,0.6550802139037433,0.8166666666666667,0.8018635243026897,"[0.690, 0.763]",0.7258064516129032,0.7299270072992701,C cleaning,-0.024088735697718078,-0.04396597271193718,-0.0034673246552593814,0.09837064844049181
grad_boosting | all | clean=full,xlarge,0.3702672875716098,0.7705307631370478,0.7890751757706869,0.7528379772961816,0.8536724703322328,0.3532846715328467,0.8081761006289309,0.7648809523809523,0.8566666666666667,0.8859632502900945,"[0.775, 0.838]",0.8033613445378152,0.8143322475570033,C cleaning,0.057084397572162326,0.028710487194672455,0.08644797947201803,1.6333804091764782e-05
