model,train,threshold,val_F1,val_P,val_R,val_PR_AUC,val_hard_F1,test_F1,test_P,test_R,test_PR_AUC,test_F1_CI,section,dF1,dF1_lo,dF1_hi,mcnemar_p,dF1_vs_v2,dF1_lo_vs_v2,dF1_hi_vs_v2,mcnemar_p_vs_v2,seed,params
logreg | v1,small,0.3907356911879156,0.8466666666666667,0.8141025641025641,0.8819444444444444,0.897435129340252,0.4583333333333333,0.7430939226519337,0.6344339622641509,0.8966666666666666,0.8574843539807235,"[0.706, 0.777]",A v1 vs v2,-0.04487600216009635,-0.07167750444273935,-0.019630835545470744,2.32626705010725e-05,-0.11276193320392214,-0.14231800891860577,-0.08434434342352953,1.4874493889233367e-14,,
grad_boosting | v1,small,0.42347568655430445,0.8373702422145328,0.8344827586206897,0.8402777777777778,0.8970161969677224,0.4864864864864865,0.7879699248120301,0.7178082191780822,0.8733333333333333,0.849466375144242,"[0.751, 0.821]",A v1 vs v2,0.0,0.0,0.0,1.0,-0.06788593104382579,-0.09580111692897496,-0.04057079773001791,8.635781314660544e-06,,
random_forest | v1 | seed 0,small,0.3725797281011072,0.8466666666666667,0.8141025641025641,0.8819444444444444,0.9031926882807558,0.34146341463414637,0.7462277091906722,0.634032634032634,0.9066666666666666,0.8531216370614725,"[0.709, 0.781]",A v1 vs v2,-0.041742215621357937,-0.06262372534876948,-0.020202580314186695,1.5849255649693016e-06,-0.10962814666518372,-0.1391233555537759,-0.08115898821842406,9.432004555623528e-16,0.0,
random_forest | v1 | seed 1,small,0.38339145014245013,0.8503401360544217,0.8333333333333334,0.8680555555555556,0.8973962055452274,0.35,0.7534626038781164,0.6445497630331753,0.9066666666666666,0.8562177029063662,"[0.715, 0.787]",A v1 vs v2,-0.03450732093391373,-0.05530470881433599,-0.01407347187705559,2.926311069930838e-05,-0.10239325197773952,-0.13211356810460714,-0.074417273300632,1.0313887967736937e-13,1.0,
random_forest | v1 | seed 2,small,0.41197744020874444,0.8561643835616438,0.8445945945945946,0.8680555555555556,0.9011093372486385,0.35,0.7577464788732394,0.6560975609756098,0.8966666666666666,0.8548859006034422,"[0.720, 0.793]",A v1 vs v2,-0.030223445938790672,-0.05104349331039184,-0.009642522368397686,0.00044964797164381224,-0.09810937698261646,-0.1281797881795938,-0.06897900179440035,7.778635171705066e-12,2.0,
logreg | v2,small,0.4679208584030845,0.8904109589041096,0.8783783783783784,0.9027777777777778,0.9287366404146239,0.5909090909090909,0.8283132530120482,0.7554945054945055,0.9166666666666666,0.9066526667800366,"[0.799, 0.861]",A v1 vs v2,0.04034332820001807,0.010451330804253907,0.07153562947635014,0.016786329118478258,-0.027542602843807718,-0.054713519518233104,-0.0025328879466285864,0.07254953219246177,,
grad_boosting | v2,small,0.22881932685516845,0.8821548821548821,0.8562091503267973,0.9097222222222222,0.9324093482034217,0.5714285714285714,0.8558558558558559,0.7786885245901639,0.95,0.9206546554389496,"[0.827, 0.885]",A v1 vs v2,0.06788593104382579,0.04057079773001791,0.09580111692897496,8.635781314660544e-06,0.0,0.0,0.0,1.0,,
random_forest | v2 | seed 0,small,0.4651869308021418,0.8951048951048951,0.9014084507042254,0.8888888888888888,0.9342707268799894,0.4878048780487805,0.8540372670807453,0.7994186046511628,0.9166666666666666,0.9191333146203293,"[0.821, 0.884]",A v1 vs v2,0.06606734226871525,0.03650342746703629,0.09579861822806283,3.1798876310461662e-06,-0.0018185887751105412,-0.023278676575623745,0.021245319810435988,0.8956832138895906,0.0,
random_forest | v2 | seed 1,small,0.36047826942959116,0.9023569023569024,0.8758169934640523,0.9305555555555556,0.933429078450559,0.5581395348837209,0.8391812865497076,0.7473958333333334,0.9566666666666667,0.9215518383686959,"[0.806, 0.870]",A v1 vs v2,0.051211361737677485,0.023918317428185933,0.07912736575069966,0.002653786057228506,-0.0166745693061483,-0.037644375380913975,0.002395657880644431,0.08694889972991102,1.0,
random_forest | v2 | seed 2,small,0.38474390530522123,0.891156462585034,0.8733333333333333,0.9097222222222222,0.932575780599826,0.5238095238095238,0.8340675477239354,0.7454068241469817,0.9466666666666667,0.9186985286638754,"[0.803, 0.864]",A v1 vs v2,0.046097622911905334,0.017531759416272587,0.07511445432210305,0.007206214620046471,-0.021788308131920453,-0.04325105561172469,-0.0007819691460473805,0.04295654552438921,2.0,
grad_boosting | v2 − measures,small,0.4285409895283795,0.8835616438356164,0.8716216216216216,0.8958333333333334,0.929724769524327,0.5365853658536586,0.8467614533965245,0.8048048048048048,0.8933333333333333,0.9043826668651596,"[0.817, 0.876]",B ablation v2,0.058791528584494435,0.03223159036599397,0.0858703984263328,6.339264707376482e-06,-0.009094402459331352,-0.028592376936001876,0.009252968930892069,1.0,,
grad_boosting | v2 − num_unmatched,small,0.46370252017570124,0.8601398601398601,0.8661971830985915,0.8541666666666666,0.9314903126382217,0.5,0.8625,0.8117647058823529,0.92,0.9136288845724845,"[0.834, 0.890]",B ablation v2,0.07453007518796995,0.04800839510752356,0.1052412641330328,1.6099271769508826e-07,0.0066441441441441595,-0.012323429986511814,0.02569096584709963,0.31232680747326935,,
grad_boosting | v2 − code_diff,small,0.6162627400657857,0.8692579505300353,0.8848920863309353,0.8541666666666666,0.929667330548346,0.46153846153846156,0.8538587848932676,0.8414239482200647,0.8666666666666667,0.910943175800976,"[0.824, 0.883]",B ablation v2,0.06588886008123751,0.03782119852878913,0.09490787758772083,4.606251020832626e-08,-0.0019970709625882765,-0.02592263235109419,0.021132674521959927,0.4426260049464714,,
grad_boosting | v2 − code_in_text,small,0.7305099341577023,0.8654545454545455,0.9083969465648855,0.8263888888888888,0.9238972564025829,0.4,0.8566666666666667,0.8566666666666667,0.8566666666666667,0.915285047082155,"[0.827, 0.887]",B ablation v2,0.06869674185463659,0.03943187648202375,0.09637249882905455,1.1639663841105042e-08,0.0008108108108108025,-0.024939895623311694,0.02677571713694798,0.2749903961710005,,
grad_boosting | v2 − shop,small,0.16935810784010824,0.88,0.8461538461538461,0.9166666666666666,0.9317957323433737,0.5714285714285714,0.8444444444444444,0.76,0.95,0.9199614118629655,"[0.816, 0.874]",B ablation v2,0.056474519632414344,0.0296751001923034,0.08499360181085566,0.0008605684481792975,-0.011411411411411443,-0.026639232696891054,0.003985683741443809,0.16275565745308995,,
grad_boosting | v2 − length,small,0.22050072505170915,0.8888888888888888,0.8627450980392157,0.9166666666666666,0.9335134130639936,0.6363636363636364,0.8670694864048338,0.7928176795580111,0.9566666666666667,0.9255519757212283,"[0.840, 0.895]",B ablation v2,0.07909956159280374,0.05178738284079057,0.10916081981019057,2.1658526170134643e-07,0.011213630548977949,-0.003471655292699749,0.026162209813061017,0.1849333420395851,,
grad_boosting | v2 | tuned,small,0.37592529983740663,0.8888888888888888,0.8627450980392157,0.9166666666666666,0.9332121726773128,0.6363636363636364,0.8806201550387597,0.8231884057971014,0.9466666666666667,0.9180226220358563,"[0.853, 0.906]",C tuned,0.09265023022672958,0.06435570667469424,0.12244403254276207,1.6380501511665785e-10,0.024764299182903793,0.010693176100214663,0.03953434065934059,0.0005461126565933228,,"{'learning_rate': 0.03, 'max_leaf_nodes': 15, 'min_samples_leaf': 20, 'l2_regularization': 0.0}"
logreg | v1,medium,0.29412197214575186,0.8082758620689655,0.7855227882037533,0.8323863636363636,0.8876028066200893,0.5625,0.7472527472527473,0.6355140186915887,0.9066666666666666,0.855336301771013,"[0.712, 0.783]",A v1 vs v2,-0.0759084421056252,-0.10459593039105852,-0.046778878989741056,3.5019249165122216e-10,-0.14198775907636663,-0.17457896329616376,-0.11309102519185385,2.215016253400603e-23,,
grad_boosting | v1,medium,0.42330782582019344,0.8216374269005848,0.8463855421686747,0.7982954545454546,0.897219008817237,0.49557522123893805,0.8231611893583725,0.775811209439528,0.8766666666666667,0.8776459782046079,"[0.789, 0.855]",A v1 vs v2,0.0,0.0,0.0,1.0,-0.06607931697074143,-0.09338385629056949,-0.03890402483927306,1.7730682926908962e-06,,
random_forest | v1 | seed 0,medium,0.3846956983610311,0.8228571428571428,0.8275862068965517,0.8181818181818182,0.9049281060739778,0.48739495798319327,0.7729885057471264,0.6792929292929293,0.8966666666666666,0.8877039471909351,"[0.736, 0.806]",A v1 vs v2,-0.05017268361124605,-0.0739769569239603,-0.027238078143170547,3.5883588815862885e-07,-0.11625200058198748,-0.1436983210958033,-0.08891540553089984,4.774037347032614e-18,0.0,
random_forest | v1 | seed 1,medium,0.3270001252109141,0.8193103448275862,0.7962466487935657,0.84375,0.9043070543931989,0.546875,0.7503410641200545,0.6351039260969977,0.9166666666666666,0.8896233623706801,"[0.714, 0.784]",A v1 vs v2,-0.07282012523831793,-0.0980598739787961,-0.046913352395410314,2.9707702557827688e-12,-0.13889944220905937,-0.16748828306494312,-0.11148614959552507,6.735807262088145e-26,1.0,
random_forest | v1 | seed 2,medium,0.3124239536452374,0.8205128205128205,0.781491002570694,0.8636363636363636,0.9042157287370901,0.5606060606060606,0.751696065128901,0.6338672768878718,0.9233333333333333,0.8890231203411227,"[0.716, 0.787]",A v1 vs v2,-0.07146512422947149,-0.09637360398060175,-0.04471949509116411,5.13116239379527e-12,-0.13754444120021292,-0.16532448086657756,-0.107516213228157,2.25115112982225e-25,2.0,
logreg | v2,medium,0.34251411588297465,0.8535564853556485,0.8383561643835616,0.8693181818181818,0.9144366858081363,0.6564885496183206,0.8247126436781609,0.7247474747474747,0.9566666666666667,0.9144412699073472,"[0.793, 0.855]",A v1 vs v2,0.0015514543197884256,-0.030573481792405724,0.0342761262609333,0.48472021812853044,-0.064527862650953,-0.08898944213944504,-0.04276692220713072,8.542340953724185e-09,,
grad_boosting | v2,medium,0.45420066510467555,0.8815028901734104,0.8970588235294118,0.8664772727272727,0.9374195812415044,0.6504065040650406,0.8892405063291139,0.8463855421686747,0.9366666666666666,0.9244316256151986,"[0.861, 0.915]",A v1 vs v2,0.06607931697074143,0.038904024839273056,0.09338385629056949,1.7730682926908962e-06,0.0,0.0,0.0,1.0,,
random_forest | v2 | seed 0,medium,0.41738463786416147,0.8714285714285714,0.8764367816091954,0.8664772727272727,0.9365137871584802,0.6190476190476191,0.858877086494689,0.7883008356545961,0.9433333333333334,0.9315678714901828,"[0.830, 0.886]",A v1 vs v2,0.03571589713631651,0.008550992858171855,0.06444824869061627,0.05191052214883844,-0.03036341983442492,-0.05036772529780558,-0.0116322342085313,0.0010885382064742541,0.0,
random_forest | v2 | seed 1,medium,0.357039439893113,0.8717241379310345,0.8471849865951743,0.8977272727272727,0.937144134609655,0.7153284671532847,0.8470588235294118,0.7578947368421053,0.96,0.9336592251259166,"[0.816, 0.878]",A v1 vs v2,0.023897634171039295,-0.005396319902146995,0.05409329637753077,0.43511449489230103,-0.042181682799702136,-0.06330757801727094,-0.021796878291069525,8.219663963332515e-06,1.0,
random_forest | v2 | seed 2,medium,0.3661936588874089,0.8730822873082287,0.8575342465753425,0.8892045454545454,0.9372779226985118,0.6666666666666666,0.849112426035503,0.7632978723404256,0.9566666666666667,0.9313451357056314,"[0.818, 0.876]",A v1 vs v2,0.025951236677130507,-0.0032099885110996864,0.05554726738713605,0.329137126166139,-0.040128080293610924,-0.06206332869041977,-0.02057786945646169,2.0876568218419767e-05,2.0,
grad_boosting | v2 − measures,medium,0.29681476070030677,0.8744827586206897,0.8498659517426274,0.9005681818181818,0.9312231776325819,0.7352941176470589,0.8584474885844748,0.7899159663865546,0.94,0.9160030552454312,"[0.829, 0.886]",B ablation v2,0.03528629922610238,0.011132390194367615,0.06103068985013901,0.030786495821399938,-0.03079301774463905,-0.04768681774089881,-0.01449352314418408,0.000430857042374555,,
grad_boosting | v2 − num_unmatched,medium,0.36036994674795436,0.8785310734463276,0.8735955056179775,0.8835227272727273,0.9328880010849893,0.7022900763358778,0.8692913385826772,0.8238805970149253,0.92,0.9200291960944502,"[0.841, 0.897]",B ablation v2,0.046130149224304695,0.017475228505051423,0.07589966606690386,0.0016055649295642408,-0.019949167746436736,-0.036394971514542296,-0.0036469114756413267,0.029449373483657837,,
grad_boosting | v2 − code_diff,medium,0.5324569002378668,0.8888888888888888,0.9156626506024096,0.8636363636363636,0.9442000085658339,0.6833333333333333,0.8753993610223643,0.8404907975460123,0.9133333333333333,0.9246468070268367,"[0.846, 0.902]",B ablation v2,0.052238171663991806,0.026593543138997974,0.07973217536664087,0.00010259635179423318,-0.013841145306749625,-0.03221572452611157,0.005002264476245836,0.2558750795433298,,
grad_boosting | v2 − code_in_text,medium,0.4999354573511414,0.868421052631579,0.8945783132530121,0.84375,0.9293215410386082,0.5666666666666667,0.8634222919937206,0.8160237388724035,0.9166666666666666,0.9217564599477762,"[0.832, 0.891]",B ablation v2,0.0402611026353481,0.017566167235838065,0.06505662882932511,0.002942760530124976,-0.02581821433539333,-0.043792597077355076,-0.007314256921739428,0.007632078602910042,,
grad_boosting | v2 − shop,medium,0.4881272254655747,0.8815028901734104,0.8970588235294118,0.8664772727272727,0.9375970749172402,0.6774193548387096,0.8921095008051529,0.8629283489096573,0.9233333333333333,0.9235353417008483,"[0.866, 0.916]",B ablation v2,0.06894831144678049,0.04081735677442693,0.09727022106614912,1.249258128763103e-06,0.002868994476039055,-0.0125956129065907,0.017875041342375764,0.7011080384254456,,
grad_boosting | v2 − length,medium,0.4594154719710922,0.8786127167630058,0.8941176470588236,0.8636363636363636,0.9387491455617286,0.6504065040650406,0.879746835443038,0.8373493975903614,0.9266666666666666,0.9348876348257338,"[0.853, 0.905]",B ablation v2,0.05658564608466554,0.030769937380629914,0.08467597252921417,4.769842118193509e-05,-0.009493670886075889,-0.02093902321305794,0.0006128397489881467,0.1795654296875,,
grad_boosting | v2 | tuned,medium,0.4012939841690707,0.8914285714285715,0.896551724137931,0.8863636363636364,0.9392813844309474,0.703125,0.8826291079812206,0.831858407079646,0.94,0.9295797259948547,"[0.855, 0.909]",C tuned,0.05946791862284817,0.03141986185819964,0.08845872622889771,4.0771265506603356e-05,-0.00661139834789326,-0.017362076165872195,0.003273350349490333,0.2265625,,"{'learning_rate': 0.03, 'max_leaf_nodes': 31, 'min_samples_leaf': 20, 'l2_regularization': 0.0}"
logreg | v1,large,0.39981937574947185,0.751269035532995,0.7823788546255507,0.7225386493083807,0.8243626015674863,0.3333333333333333,0.7657657657657657,0.6967213114754098,0.85,0.8540435732666176,"[0.731, 0.800]",A v1 vs v2,-0.06442291347951734,-0.08886101836622634,-0.04026685925625936,9.69923242552742e-07,-0.14128551628551633,-0.17276450500596904,-0.11227150360239048,8.930153081103962e-20,,
grad_boosting | v1,large,0.3795670921101277,0.7917695473251029,0.8009991673605329,0.7827502034174125,0.8713583135061672,0.45045045045045046,0.8301886792452831,0.7857142857142857,0.88,0.9150716271001471,"[0.795, 0.860]",A v1 vs v2,0.0,0.0,0.0,1.0,-0.07686260280599899,-0.1055162330668416,-0.05192909859255724,5.044923721823652e-09,,
random_forest | v1 | seed 0,large,0.3974569873795062,0.8008230452674897,0.8101582014987511,0.7917005695687551,0.8800051092091769,0.4365256124721604,0.8251533742331288,0.7642045454545454,0.8966666666666666,0.9188595772867018,"[0.790, 0.857]",A v1 vs v2,-0.005035305012154212,-0.021075711157538733,0.011946147771671965,0.39152830513194203,-0.0818979078181532,-0.10963131130331487,-0.05652961085197503,1.201648635082027e-10,0.0,
random_forest | v1 | seed 1,large,0.37767856283803897,0.799512987012987,0.7975708502024291,0.8014646053702197,0.8796831451647771,0.4585152838427948,0.8235294117647058,0.7520661157024794,0.91,0.9188943492432166,"[0.790, 0.854]",A v1 vs v2,-0.006659267480577213,-0.024168401012065462,0.012133817627395602,0.19959086691960698,-0.0835218702865762,-0.11146991739108232,-0.05789580961373018,1.1828221854912694e-11,1.0,
random_forest | v1 | seed 2,large,0.43869928842643136,0.8020304568527918,0.8352422907488987,0.7713588283157038,0.8805865724351806,0.40749414519906324,0.8338557993730408,0.7869822485207101,0.8866666666666667,0.9173293880333819,"[0.800, 0.866]",A v1 vs v2,0.003667120127757717,-0.01398710461003139,0.023630471944282763,0.8714146793645341,-0.07319548267824127,-0.10008443782602185,-0.04647312491303272,3.748661169432698e-08,2.0,
logreg | v2,large,0.3095787760905462,0.8071146245059289,0.7847809377401999,0.8307567127746135,0.8806520220784402,0.5436105476673428,0.8022922636103151,0.7035175879396985,0.9333333333333333,0.9086577515878834,"[0.768, 0.834]",A v1 vs v2,-0.02789641563496792,-0.05573094171116243,0.0024530005774437975,0.006351623919901799,-0.10475901844096691,-0.13059229795204472,-0.07985171061439779,1.10187438523874e-17,,
grad_boosting | v2,large,0.4229006536345465,0.8592592592592593,0.8692756036636137,0.8494711147274207,0.9337846743909026,0.6274509803921569,0.907051282051282,0.8734567901234568,0.9433333333333334,0.9678860870552269,"[0.882, 0.930]",A v1 vs v2,0.07686260280599899,0.05192909859255723,0.1055162330668416,5.044923721823652e-09,0.0,0.0,0.0,1.0,,
random_forest | v2 | seed 0,large,0.3845267412915691,0.8628246753246753,0.8607287449392712,0.8649308380797396,0.9345545534121814,0.6443514644351465,0.8895800933125972,0.8338192419825073,0.9533333333333334,0.9620849386657924,"[0.864, 0.913]",A v1 vs v2,0.059391414067314185,0.03396967325825851,0.08671371334105314,4.769842118193509e-05,-0.017471188738684806,-0.03313580184054256,-0.003052289397003458,0.0241195447742939,0.0,
random_forest | v2 | seed 1,large,0.3957795006541754,0.8612012987012987,0.8591093117408907,0.8633034987794955,0.9340231282915703,0.6458333333333334,0.8892355694227769,0.8357771260997068,0.95,0.96421217167477,"[0.862, 0.913]",A v1 vs v2,0.05904689017749387,0.03404336861112967,0.08628336101282151,4.769842118193509e-05,-0.01781571262850512,-0.03482414848875296,-0.003890642622223702,0.0241195447742939,1.0,
random_forest | v2 | seed 2,large,0.3892169571202119,0.8628246753246753,0.8607287449392712,0.8649308380797396,0.9343927267566177,0.65,0.8850931677018633,0.8284883720930233,0.95,0.9644485997166888,"[0.858, 0.910]",A v1 vs v2,0.05490448845658025,0.030364998011888036,0.08254866746073107,0.0001831165641297511,-0.021958114349418745,-0.039226318847067454,-0.007375446907661465,0.0070003666914999485,2.0,
grad_boosting | v2 − measures,large,0.4256685571113494,0.8534979423868313,0.8634471273938384,0.8437754271765663,0.9255999870018529,0.5995717344753747,0.8888888888888888,0.8484848484848485,0.9333333333333333,0.9582020964169592,"[0.861, 0.914]",B ablation v2,0.05870020964360578,0.034913394582818,0.08632311048638046,4.11597033439493e-06,-0.01816239316239321,-0.03379176224772843,-0.004044592951683523,0.028959274291992188,,
grad_boosting | v2 − num_unmatched,large,0.32243733402651964,0.8562274729675611,0.8430599369085173,0.869812855980472,0.9274294555510846,0.6582809224318659,0.890282131661442,0.8402366863905325,0.9466666666666667,0.9636563486898974,"[0.865, 0.918]",B ablation v2,0.06009345241615893,0.03491001614928589,0.09033203429564801,3.2317126198897614e-05,-0.01676915038984006,-0.033814717369168995,0.0023438622571350133,0.06524533522315325,,
grad_boosting | v2 − code_diff,large,0.4196504611202242,0.8526748971193415,0.8626144879267277,0.8429617575264443,0.9266788587064841,0.6052631578947368,0.8928,0.8584615384615385,0.93,0.9618543667326906,"[0.866, 0.918]",B ablation v2,0.06261132075471698,0.036328987249057726,0.09218051260061315,5.656214894965935e-06,-0.01425128205128201,-0.029487744747254165,-0.0009497022018503875,0.0783538818359375,,
grad_boosting | v2 − code_in_text,large,0.42604696301236855,0.8510288065843621,0.8609492089925063,0.8413344182262001,0.9290953396245192,0.6035242290748899,0.8924558587479936,0.8606811145510835,0.9266666666666666,0.9650184036749925,"[0.866, 0.918]",B ablation v2,0.062267179502710546,0.038207007736822444,0.08824283462895302,4.46583468018233e-07,-0.014595423303288446,-0.029673815412157172,3.848116570103715e-05,0.10775214433670044,,
grad_boosting | v2 − shop,large,0.3821049862096038,0.8603896103896104,0.8582995951417004,0.8624898291293734,0.9319064387475772,0.6553191489361702,0.8977635782747604,0.8619631901840491,0.9366666666666666,0.9650295034525526,"[0.872, 0.921]",B ablation v2,0.06757489902947733,0.042061733046355375,0.09606389850511003,8.142666624995287e-07,-0.00928770377652166,-0.02080315636663839,0.0007047926918521154,0.1795654296875,,
grad_boosting | v2 − length,large,0.38698631980523446,0.8628246753246753,0.8607287449392712,0.8649308380797396,0.9378595738422015,0.6652542372881356,0.9093799682034976,0.8693009118541033,0.9533333333333334,0.9680665690860307,"[0.885, 0.932]",B ablation v2,0.07919128895821459,0.05400973912444591,0.1071767136756027,8.625605549980351e-09,0.0023286861522155977,-0.007365077501474693,0.012498942829861387,1.0,,
grad_boosting | v2 | tuned,large,0.44218349411343166,0.8748971193415638,0.8850957535387177,0.8649308380797396,0.941291086195996,0.6919831223628692,0.916256157635468,0.9029126213592233,0.93,0.9697764438480114,"[0.892, 0.939]",C tuned,0.08606747839018491,0.05771612762191287,0.11761869945476568,4.260536478846756e-10,0.009204875584185923,-0.007167441682168321,0.024514075542111092,0.24778856337070465,,"{'learning_rate': 0.1, 'max_leaf_nodes': 63, 'min_samples_leaf': 20, 'l2_regularization': 0.0}"
logreg | v1,xlarge,0.3100590358874872,0.7294422827496757,0.7334376630151278,0.7254901960784313,0.7998194391076859,0.2934051144010767,0.7510917030567685,0.6666666666666666,0.86,0.8484178241689256,"[0.712, 0.786]",A v1 vs v2,-0.10017411972804158,-0.1279148721373436,-0.07418009715888324,4.263496347096334e-14,-0.1612459592808938,-0.19556091781677906,-0.12966625209319588,5.460281095679103e-25,,
grad_boosting | v1,xlarge,0.3471006924015259,0.7752838658568788,0.7939426717144402,0.7574819401444789,0.8614188904203492,0.3815028901734104,0.8512658227848101,0.8102409638554217,0.8966666666666666,0.9147689230157532,"[0.822, 0.880]",A v1 vs v2,0.0,0.0,0.0,1.0,-0.061071839552852225,-0.08686153699481376,-0.035869921232001035,3.3971668169915183e-06,,
random_forest | v1 | seed 0,xlarge,0.38599725374494287,0.7900712965407974,0.8090859924283397,0.7719298245614035,0.8734173309049633,0.4178272980501393,0.8544303797468354,0.8132530120481928,0.9,0.9229933617415123,"[0.824, 0.884]",A v1 vs v2,0.0031645569620253333,-0.016191342743974983,0.022736737047890466,0.8714146793645341,-0.05790728259082689,-0.08550748754818059,-0.03118091180804337,1.1091146210557392e-05,0.0,
random_forest | v1 | seed 1,xlarge,0.3354102513059358,0.790519877675841,0.7809667673716012,0.8003095975232198,0.8734516467447954,0.4671916010498688,0.8496932515337423,0.7869318181818182,0.9233333333333333,0.9228549286968514,"[0.819, 0.878]",A v1 vs v2,-0.0015725712510678003,-0.020592208585413906,0.016814947979397834,0.6358280026288412,-0.06264441080392003,-0.0902198090855212,-0.03497381580240708,1.5849255649693016e-06,1.0,
random_forest | v1 | seed 2,xlarge,0.4152910668851583,0.7907477138246369,0.8258426966292135,0.7585139318885449,0.8728933359549874,0.38848920863309355,0.8493589743589743,0.8179012345679012,0.8833333333333333,0.9223192248838729,"[0.818, 0.879]",A v1 vs v2,-0.001906848425835772,-0.020413499632149387,0.018575363784769882,1.0,-0.062978687978688,-0.08820646102686644,-0.03316266554464637,6.41506390670917e-06,2.0,
logreg | v2,xlarge,0.36347772829863245,0.7736994982836018,0.7923201730665225,0.7559339525283798,0.8524256889425392,0.42536327608982827,0.8090225563909774,0.736986301369863,0.8966666666666666,0.9034525242056616,"[0.774, 0.840]",A v1 vs v2,-0.04224326639383269,-0.07064765643782181,-0.011720212343027041,0.0016590268898995495,-0.10331510594668492,-0.13093525425594002,-0.07761378117151217,7.088912032076993e-16,,
grad_boosting | v2,xlarge,0.38002304683046756,0.8534370946822308,0.8581116327595201,0.848813209494324,0.9274901782889367,0.6571428571428571,0.9123376623376623,0.8892405063291139,0.9366666666666666,0.9609008972120602,"[0.887, 0.935]",A v1 vs v2,0.061071839552852225,0.035869921232001035,0.08686153699481376,3.3971668169915183e-06,0.0,0.0,0.0,1.0,,
random_forest | v2 | seed 0,xlarge,0.3768554156846912,0.8591439688715953,0.863849765258216,0.8544891640866873,0.9323343453895119,0.6487179487179487,0.8944881889763779,0.8477611940298507,0.9466666666666667,0.9657513778682382,"[0.869, 0.919]",A v1 vs v2,0.04322236619156783,0.017180413808307544,0.0698743595759392,0.0021181727464006325,-0.017849473361284396,-0.03421142591087035,-0.0016189342676075295,0.029449373483657837,0.0,
random_forest | v2 | seed 1,xlarge,0.37548629713783105,0.8586251621271076,0.8633281168492436,0.8539731682146543,0.9326841463189727,0.6468305304010349,0.8976377952755905,0.8507462686567164,0.95,0.9653780334606014,"[0.872, 0.922]",A v1 vs v2,0.0463719724907804,0.020946000729411867,0.07426720415946296,0.0007667649897412908,-0.014699867062071825,-0.030392597602692518,0.0012661249391270279,0.07075554598122835,1.0,
random_forest | v2 | seed 2,xlarge,0.3504855119053982,0.8583078491335372,0.8479355488418933,0.868937048503612,0.9327195306693804,0.6724782067247821,0.8934169278996865,0.8431952662721893,0.95,0.9658688209388694,"[0.868, 0.918]",A v1 vs v2,0.04215110511487641,0.017480662380665278,0.0700940149168965,0.002942760530124976,-0.018920734437975817,-0.03572710455101043,-0.002724906257437158,0.020061607006937265,2.0,
grad_boosting | v2 − measures,xlarge,0.37520078424247927,0.8440985732814527,0.8487219613980177,0.8395252837977296,0.9188743106013562,0.6355382619974059,0.8992,0.8646153846153846,0.9366666666666666,0.9527493056646378,"[0.872, 0.925]",B ablation v2,0.04793417721518989,0.023015434839124993,0.07465236939475413,0.0003713401159383162,-0.013137662337662337,-0.027937969847696184,0.0020450213908027614,0.0931396484375,,
grad_boosting | v2 − num_unmatched,xlarge,0.3746703155818024,0.8440985732814527,0.8487219613980177,0.8395252837977296,0.9208935397599792,0.6164021164021164,0.901453957996769,0.8746081504702194,0.93,0.9577044066369229,"[0.877, 0.926]",B ablation v2,0.05018813521195886,0.025905670246761405,0.07704161317426074,0.00021680385841747662,-0.010883704340893363,-0.026151645346522638,0.005122117200681387,0.24778856337070465,,
grad_boosting | v2 − code_diff,xlarge,0.4148448889778109,0.8434116715077898,0.8637101135749053,0.824045407636739,0.9208924466285918,0.585499316005472,0.9008130081300812,0.8793650793650793,0.9233333333333333,0.9560332965330655,"[0.875, 0.924]",B ablation v2,0.04954718534527114,0.024983693867671422,0.07567611007646184,0.00014163707253552724,-0.011524654207581086,-0.02488815528933676,0.0021341671668162997,0.1670684814453125,,
grad_boosting | v2 − code_in_text,xlarge,0.3993079471888066,0.8418273039345128,0.8620876149269876,0.8224974200206399,0.9205714736124563,0.6058981233243967,0.901453957996769,0.8746081504702194,0.93,0.9538442557639262,"[0.875, 0.925]",B ablation v2,0.05018813521195886,0.027716959798328382,0.07252303659260062,3.7606121325417525e-05,-0.010883704340893363,-0.025301241291004608,0.0035949615194980594,0.21003961563110352,,
grad_boosting | v2 − shop,xlarge,0.3758733799744687,0.8492866407263294,0.8539384454877412,0.8446852425180599,0.924321404271269,0.6597131681877445,0.9082125603864735,0.8785046728971962,0.94,0.9596359928945932,"[0.883, 0.932]",B ablation v2,0.056946737601663355,0.032170835796726305,0.08242277158094091,1.6913617102985627e-05,-0.00412510195118887,-0.015420641476404826,0.0081947104795799,0.6072387695312499,,
grad_boosting | v2 − length,xlarge,0.3820310682338917,0.8523994811932555,0.8570683359415754,0.8477812177502579,0.9269607260316932,0.6535947712418301,0.9173419773095624,0.8927444794952681,0.9433333333333334,0.9598008359953327,"[0.891, 0.938]",B ablation v2,0.06607615452475224,0.039970235274944727,0.09185750732612448,6.114156572521501e-07,0.005004314971900015,-0.005204260346789363,0.015167630014219929,0.548828125,,
grad_boosting | v2 | tuned,xlarge,0.4196056723239608,0.8677053076313704,0.8885884261763115,0.8477812177502579,0.9373326186979241,0.662269129287599,0.909688013136289,0.8964401294498382,0.9233333333333333,0.9637622418636017,"[0.885, 0.932]",C tuned,0.058422190351478887,0.03236920974299451,0.08474808471636609,3.753237688593051e-06,-0.0026496492013733386,-0.01589417452070243,0.010319670420669594,1.0,,"{'learning_rate': 0.1, 'max_leaf_nodes': 63, 'min_samples_leaf': 20, 'l2_regularization': 0.0}"
